text,source,label
So I loaded up xitter this morning to harvest some fresh cawntent and well fuck my day is already ruined,KiwiFarms,non-hate
Seems the trailer dropped on this thread a while back with a prediction that the anti-stalinist message will be mutilated...,KiwiFarms,hate
....and I am here to confirm from the clip that Seth Rogan plays Napoleon as a pig supremacist who tries to recruit the wholesome vague-socialist chungus original character protagonist pig into the nazi pig pipeline because fuck you fuck you fuck you FUCK YOU FUCK YOU FUCK YOU,KiwiFarms,non-hate
"Oh yeah and its also a ""well that happened..."" comedy movie because FUCKING FUCK YOU",KiwiFarms,non-hate
"And they definitely won't pull a straight white genocide plot with Boxer being a normal, non-MAGA, politically apathetic horse who gets glue factory'd by Haitians and Guatemalans because, in the minds of Communist technocrats, he's literally just a machine to be used and used and used until broken.",KiwiFarms,hate
"-They'll recast him as a Mexican, possibly a burro, and then the pigs will deport him because they're ignorant and hate horses for no reason.",KiwiFarms,hate
- Moses is a Christofascist who doesn't like the gay tranny pig (because racism),KiwiFarms,hate
"Look how that bit is in the ass, they unassimilated themselves the moment they got the chance and formed their own break away culture.",KiwiFarms,non-hate
Tim the Tranny said:,KiwiFarms,hate
"I drove past there awhile back adn the mongoloid retard faggot had cut them down, I stopped in to ask him why and he said he just didn't like the stupid things, because people were always stopping and asking for nuts in the fall.",KiwiFarms,hate
"Jeet wife and all, shit the Jeet wife may contribute to that.",KiwiFarms,non-hate
Usha is probably not shy about talking shit about how all the Hardeeps and Akshits are rapist retards.,KiwiFarms,non-hate
"Yes, I know race mixing and all that, but colonizing the fuck out of non women is a White tradition going back millennia.",KiwiFarms,non-hate
"Case in point, someone on the farms called me a faggot for posting a full image rather than a thumbnail my first week here",KiwiFarms,hate
"To be fair, Thumbnails are to appease the disgusting sub-human immigrant Mobile Fag users who should be taken out in the streets and shot.",KiwiFarms,hate
"Having to make every user posting an image go through the extra steps of inserting it as a thumbnail, and then requiring every user to have to click on the thumbnails to view the intended image just so that mobile fags doom scrolling isnt interrupted is gayer and more retarded than having ""Hecho en China"" on product packaging in the US.",KiwiFarms,hate
"You think I'm exaggerating here, but it boils my blood when I see yet another pendu in Amreeka who's in my age range in my neighbourhood yet they speak absolutely no fucking English, and I gotta subsist on my tenuous mother tongue to tell them ""hey asshole, can you stop being such an obnoxiously loud faggot while I'm waiting for the next bus?""",KiwiFarms,hate
There seems to be a lot of resentment between 2nd generation immigrants who are the children of parents who made a big effort to assimilate them into the culture vs first generation* immigrants who came on over for a free ride and just don't give a fuck.,KiwiFarms,non-hate
"Let's see, who's the lesser of the two evils: the disgraced ex-governor of NYS who still hasn't answered for allowing countless elderly die in nursing homes due to poorly-planned COVID policies he tried covering up or the jeet relying on Hinglish to appeal to pendus with ambiguous green card status who'll probably vote illegally in local elections because NYC doesn't require voter ID at the booth?",KiwiFarms,hate
"Not for any objective reason, but because his clean-cut suit, Hinglish, and the aggressive advertising uniquely piss me off.",KiwiFarms,non-hate
The fuck was she thinking wearing that neon orange dress with that skin tone?,KiwiFarms,non-hate
Wanted to look like a nigger carrot?,KiwiFarms,hate
Chock full of the vitamins greed and bullshit.,KiwiFarms,non-hate
I remember when this retard tried to make a tweet for Biden but forgot to log out of her personal account.,KiwiFarms,hate
"its also why zoomers all look like shit, they've had their minds filled with insanity and have to worry about being every flavor of -ist out there.",KiwiFarms,non-hate
"She says she's going to be an ""independent"", but as a Negro and a dyke I guarantee you that everyone she votes for will have a ""D"" next to their name and push for ""progressive"" policies.",KiwiFarms,hate
Fuck all these democrats pretending that they had no idea Biden was a complete mess for four fucking years and now act like heroes for just saying what anyone with eyes could have figured out when Biden was elected.,KiwiFarms,non-hate
"She's just smart enough to know she got the job because the cancer riddled dementia patient's staff's entire shtick was ""find the nearest black woman for the position"" and she just happened to be in the White house tour group at the time.",KiwiFarms,hate
"Subhuman diversity hire takes part in pageantry, write a book about how stupid the pageantry was.",KiwiFarms,hate
I swear to fuck I need to get myself a T&H,KiwiFarms,non-hate
"I actually hold some crypto, I just need to get off my ass and send some to Josh already.",KiwiFarms,non-hate
MLK was a nigger that participated in gay orgies in gay bath houses.,KiwiFarms,hate
Absofucking-lutely degenerate.,KiwiFarms,hate
The Diddy shit really opened my eyes into a world of negro degeneracy that usually includes a LOT of faggotry.,KiwiFarms,non-hate
"But yes, I volunteer [USER] Suzuhara as Rosa Parks since he already got b& for bs and triumphantly returned from a gay ""permaban"" for signing into a fags account before it got leaked or whatever the fuck that lore was I've yet to hear about Toji being caught in gay orgy bath houses, so he has my vote.",KiwiFarms,non-hate
Opps done got his ass.,KiwiFarms,non-hate
Plus being a Woman hate thread poster and posting here begging for attention from a retarded woman is also weird.,KiwiFarms,hate
Sperg Spectating said:,KiwiFarms,hate
Of course the urinal piss fucker thinks urinas are heaven for him,KiwiFarms,non-hate
Yeah he really should just kill himself.,KiwiFarms,hate
This faggot got Tipster to reply to him.,KiwiFarms,hate
"Nigga, what the fuck?",KiwiFarms,non-hate
What the fuck,KiwiFarms,non-hate
Preaching to the choir here but fucking hell I hate nosleep so much.,KiwiFarms,non-hate
What a retarded concept.,KiwiFarms,hate
"Yeah, you used to be able to find decent ""firsthand account"" style stories on /x/ and shit but after creepypasta got popular the genre and most of the outlets were infested by low-tier novelist wannabe retards.",KiwiFarms,non-hate
"You can't say anything even remotely non-PC unless the non-PC part is ""the horror"", but you can bet your ass most people who get spooked said some vulgar shit or acted, you know, like a human who wasn't worried about how it would come off in a reddit post.",KiwiFarms,non-hate
"You're not allowed to tell someone ""fuck off this isn't real"" or ""bro you're just ripping off <X story>"" because it's mean and might discourage someone.",KiwiFarms,non-hate
"It just means you have to restrict yourself to events that don't kill you, mutate you supernaturally, or whatever else.",KiwiFarms,hate
"But, you know, those stories don't get as many clicks as shit where the author isn't even trying to pretend it's real.",KiwiFarms,non-hate
Also not everything needs a damn climax.,KiwiFarms,non-hate
"Yeah, you used to be able to find decent ""firsthand account"" style stories on /x/ and shit but after creepypasta got popular the genre and most of the outlets were infested by low-tier novelist wannabe retards",KiwiFarms,non-hate
"Weird stories and fake rituals and bullshit conspiracy theories back then were formatted in this intentional grey zone between fact and fiction where your imagination gets to go wild with the limited, lowbrow prose available.",KiwiFarms,non-hate
"It has posting histories available meaning we can see the writers' history of indulging in piss porn and local political debate, or the writer may engage in some kind of wrongthink that results in their potentially quality work being smothered.",KiwiFarms,non-hate
"It has upvotes meaning the posts are curated by mass consensus - and sure, that can lead to quality occasionally, but the turn of phrase goes ""Try eating shit, a billion flies can't be wrong."" It's inorganic.",KiwiFarms,non-hate
"Oh you are in for a fucking treat if you don't know where that shit is going, bud.",KiwiFarms,non-hate
"Okay like after half the story we're picking up baybee, holy shit the dialogue is going from god awful annoying to campy insanity.",KiwiFarms,non-hate
"I will die on my hill that Borrasca sucked, and judging by the other story that the guys covered from the Borrasca author, she should probably just stop writing horror fiction.",KiwiFarms,hate
"Once the story gets popular they can go back to the publishers and say ""look at these metrics, people like what I write, please publish my books"" and boom, they got a book deal.",KiwiFarms,hate
I've Seen Some More Shit said:,KiwiFarms,non-hate
"no sleep writers are try hards, because they are trying really hard to get their shit published and make a name for themselves.",KiwiFarms,non-hate
"The main argument is that during the fires, California could have used more water to combat the fires, but has been blocked by The Wonderful Company Dick Dastardly style, which, at least in the video, has no evidence and is pure conjecture, since it might as well just as been pure inefficiency and stupidity.",KiwiFarms,non-hate
"Wendi really missed out on hiring me as a researcher, I got all sorts of wild shit on deck ready to go.",KiwiFarms,non-hate
You sit on your ass getting high all day.,KiwiFarms,non-hate
"We the taxpayers are footing the bill for your disgusting “lifestyle,” bitch",KiwiFarms,hate
"The worst thing is knowing that when Melanie dies, Sammie is going to make it all about her — even though she has treated Melanie like shit for YEARS.",KiwiFarms,non-hate
"Sammie, you should be kissing that woman’s ass every day.",KiwiFarms,non-hate
Even Karlii Thomas if you got beef with that bitch too.,KiwiFarms,hate
God I'd kill for a munchie faking smallpox.,KiwiFarms,hate
Or bubonic plague.,KiwiFarms,hate
"I suspect they won't try to fake TB though, partly because it's easy to test for and partly because it's now a disease of the filthy unwashed lower classes.",KiwiFarms,hate
"Still, I guess they can pretend to have the Plague of Justinian, nobody's entirely sure what that actually was so they can pretend it's whatever they want.",KiwiFarms,hate
New neurological symptoms could crop up years or even decades after the disease was gone or change without warning.,KiwiFarms,hate
Most of her claims are standard: teen girl convinces her parents that her obvious eating disorder is actually gastroparesis but doesn't want to run tube feeds so actually it's MALS and other compression syndromes but then she got that surgery and wait wait wait now it's intestinal failure from EDS and she can't run TPN because of her mast cell disease.,KiwiFarms,hate
I dont know who the fuck to tell so here we go,KiwiFarms,non-hate
"There’s also a great Podcast called This Podcast Will Kill You that goes through all sorts of fascinating modern and historical ailments, including an episode [USER] Farms Shill on Encephalitis Lethargica",KiwiFarms,hate
"It was a kid in my primary school who, bless him, already had it tough as he was the son of a real bitch of a teacher.",KiwiFarms,hate
I dont know who the fuck to tell so here we goView attachment 7469892,KiwiFarms,non-hate
This chick is a really special kind of retarded.,KiwiFarms,hate
Nobody gives a shit about people like Victoria except immediate family.,KiwiFarms,non-hate
Just like I don’t believe she has “name the disease”.,KiwiFarms,hate
Yeah I would bet this ended in mediation and a settlement with the stipulation that Vicky go the fuck away.,KiwiFarms,non-hate
It's clear she fed the reporter a barrel of bullshit and she swallowed every bite.,KiwiFarms,non-hate
"Maybe I'm just an aggro cunt but it feels like this is still just waiting for another brown to do something horrendous, to spark off an even worse powder keg than Southport.",KiwiFarms,hate
It’s like hell.,KiwiFarms,non-hate
"Feminism is trash, that's no secret.",KiwiFarms,hate
We aren't going to do shit like this.,KiwiFarms,non-hate
"This is the faggiest goddamn thing I have ever heard of in my entire life,",KiwiFarms,non-hate
"muslim africa has the same shit, and our only reason to be concerned is that africam immigrants send their us citizen children there for the same reasons: moral failings in america.",KiwiFarms,non-hate
"Meanwhile women like Margaret Atwood will continue to make fanfiction about MUH EVIL CHRISTIAN FASCISTS while shit like this happens FOR REAL in Saudi, Qatar, the UAE, Oman, Bahrain, and Afghanistan",KiwiFarms,non-hate
"But why the fuck would you pick ""Bryleigh""?",KiwiFarms,non-hate
She’s a white girl so I’m betting she calls herself queer at the most.,KiwiFarms,hate
Aw hell now I'm thinking of Bryleigh's daughter and my heart breaks.,KiwiFarms,non-hate
Oh my god is that Wierd Al's unsucessful tranny clone with added forehead?,KiwiFarms,hate
"Thank you for posting this advertising for her, dumbass.",KiwiFarms,non-hate
"I know that's a shock, e-girls lying about shit, but it is what it is.",KiwiFarms,non-hate
"All I could think is that ""hmmm 300 dicks....on pussy....man that video is just one pussy away from being pretty fucking gay!""",KiwiFarms,non-hate
583 retards wanted to dick an onlyfans thot 582 other retards were going to dick that day,KiwiFarms,hate
1 thot was willing to fuck 583 retards for internet fame and their pocket change,KiwiFarms,hate
"How can a guy be so desperate to sign up for a waitlist and be [HASHTAG] to get less than 30 seconds in some dumb whore, much less in a place where prostitution is legal.",KiwiFarms,hate
This is what happens without vicious slut-shaming.,KiwiFarms,hate
"God, this bitch is fucking annoying.",KiwiFarms,hate
I'm not fucking some bitch right after another guy does it.,KiwiFarms,hate
does anyone actually masturbate to this type of shit or is it just done for the infamy?,KiwiFarms,non-hate
There's always one fat bitch who doesn't do shit.,KiwiFarms,hate
That fat muslim cunt is just annoying,KiwiFarms,hate
Does the fat bitch have some clause in her contract that says she has to mention her ninja hood table cloth head scarf ever single episode?,KiwiFarms,hate
Got to enjoy them during the last season of the UK show cause I couldn't stand the retard guest.,KiwiFarms,hate
"Her being a bitch and refusing to play ball with anything, from the stage tasks to the team tasks makes me hate her.",KiwiFarms,hate
"Like you're on a dumbass show that'll make you look like a dumbass, you're not retaining any ""dignity"" by doing this.",KiwiFarms,non-hate
"The one who most obviously didn't give a fuck and put in the least effort possible was David Bedell prior to this bitch, but he was paired up with Ed Gamble and was willing to at least humor the tasks.",KiwiFarms,hate
"God, That fat muslim cunt is insufferable.",KiwiFarms,hate
Episode 3: What the fuck was that task?,KiwiFarms,non-hate
"Fuck Alex, that bastard.",KiwiFarms,non-hate
"What an unfunny, irredeemable hunk of shit.",KiwiFarms,non-hate
Hell even Sue Perkins is funnier than this fat turd.,KiwiFarms,non-hate
Even the one note old faggot was funnier than her.,KiwiFarms,hate
"It's like they saw barricades in a movie once, but not really, and tried to make them with random shit they found on the street.",KiwiFarms,non-hate
Are these people retarded?,KiwiFarms,hate
Also they're speaking Spanish so deport them too.,KiwiFarms,hate
They are circling the violent illegals peaceful protesters.,KiwiFarms,hate
It’s amazing he’s STILL under the impression anyone gives a shit about how pathetic Aaron is as if that exonerates him in any way.,KiwiFarms,non-hate
The worse you make Aaron look the worse you look for getting cucked by him you fucking junkie mongoloid.,KiwiFarms,hate
"well look at the guy who I let into my home with my kids and then let him fuck my wife!""",KiwiFarms,non-hate
It seems to be thrown down from time to time on kids who rebel against absolute bullshit from adults.,KiwiFarms,non-hate
They don't have the drug excuse as to why they're so retarded.,KiwiFarms,hate
Its like when people shit talk their exes thinking it somehow makes them look better.,KiwiFarms,non-hate
Shit talking exes is a giant red flag that should warn you off someone instantly.,KiwiFarms,non-hate
"There are exceptions, but generally, the shit someone is saying about their last ex is what the bitch (male or female) will be saying about you eventually.",KiwiFarms,hate
It's exceedingly rare for such things to be prosecuted without something more than just people who hang out together (or fuck) sharing drugs with each other.,KiwiFarms,non-hate
Imagine admitting to being a retarded Nick supporter.,KiwiFarms,hate
"Nothing wrong with being retarded, my friend, but it's not the good argument you think it is to excuse sycophantic behavior.",KiwiFarms,hate
"Playboard only allows up to 30 days of data at the free level, and I'm sure as shit not paying $99 a month to see up to 90 days.",KiwiFarms,non-hate
Getting someone to talk shit about their ex is one of the easiest ways to find out everything about them.,KiwiFarms,non-hate
How can Nick talk shit when his wife willingly wanted to bang Aaron?,KiwiFarms,non-hate
"No, normally shit like this people ask that question or any kind of negligence of a child.",KiwiFarms,non-hate
Cause and effect dumbass.,KiwiFarms,non-hate
Hell the parent was more embarrassed that her kid had to go through that more than anything else,KiwiFarms,non-hate
This is exactly the type of shit I was pointing out in another thread a month or so ago,KiwiFarms,non-hate
"Grandma was the stubborn one, though she was also a polio survivor and was just on a shit-ton of meds so she was definitely going to be a risk.",KiwiFarms,non-hate
"On both charts, there's definitely an inflection point in the 70s where shit starts deteriorating pretty rapidly, though.",KiwiFarms,non-hate
"I think the winner is how Anisa was actually scared for her life of Sam Hyde and that he would find and kill her, a guy who's crimes are making racist jokes online.",KiwiFarms,hate
thats boring shit.,KiwiFarms,non-hate
who the fuck knows?,KiwiFarms,non-hate
Meth Dick said:,KiwiFarms,non-hate
"LMAO holy fuck I forgot about this kid, JoshU2ber or something.",KiwiFarms,non-hate
Was going to go onto Encyclopedia Dramatica to reread the page on Christian U2ber (Angry Homo Kid) for old times sake (the name was not Josh) and decided to check if idubbbz article had been updated.,KiwiFarms,hate
"Out of curiosity, what's the over under on say, someone looking into CC and finding some really dodgy shit and taking them to court if they are now in Canada?",KiwiFarms,non-hate
"As delusional and retarded Karl is, at least his wife loves him and is still doing his shit despite being brutally raped in court not long ago.",KiwiFarms,hate
"They managed to wake up him up, and now hes mad as fuck.",KiwiFarms,non-hate
Leaves a lot of room for false advertising and other issues along with space for a lot of shady shit that could potentially be there waiting to be uncovered if anything is to be believed.,KiwiFarms,non-hate
"That dirty roach is never going to let him into his circle, as Ian is a complete pile of shit and he failed the attack on H3, he failed at the stream by being an energy black hole, he has nothing to offer Hasan who has his own issues to deal with anyway.",KiwiFarms,non-hate
Jose Beaner Luna said:,KiwiFarms,hate
Sometimes the goyim get a little uppity and you need to remind them of their place.,KiwiFarms,hate
"As I written in these pages before, treyf signifies ‘the whole world of forbidden sexuality, the sexuality of the goyim, and there all the delights are imagined to lie .",KiwiFarms,hate
"""Before I got my first part in an adult film, I went down to an audition for an X-rated film with my hair down to my ass, a copy of Wilhelm Reich’s Sexual Revolution under my arm and yelling about work, 'love and sex'.""",KiwiFarms,non-hate
"Humorously, the turbo-kike academic author of this article wrote a book on Stanley Kubrick's ""Eyes wide shut"" in 2019 and edited another book on the subject in 2023.",KiwiFarms,hate
"Though I am disappointed that the Jewish Quarterly was apparently too dense to realize that ""yeah goyim we're instrumental in the proliferation of pornography"" probably reflected badly on their people, and this was more likely deleted to reclaim storage space.",KiwiFarms,hate
"Trump said Musk, who until a week ago was one of his top government advisors, had gone “crazy” and threatened to kill federal contracts with his companies, which include",KiwiFarms,hate
"There is no way Elon actually said ""u fuck kids Donald"".",KiwiFarms,non-hate
The goyim can't be interrupting the aid to Greatest Ally.,KiwiFarms,hate
If you got your ears pierced (because you’re a faggot) you wouldn’t say you had your head pierced.,KiwiFarms,hate
Elon always accuses people of being PDFs whenever he's having a manic autist attack.,KiwiFarms,hate
"He didn’t get baited, he didn’t give him too much power, he used the autistic retard pretty well.",KiwiFarms,hate
What the fuck is it?,KiwiFarms,non-hate
Elon's seems like the type of guy who if he tried some Epstein Island shit the tied-up 6-year-old would call him a loser and then he'd walk away and mope in the corner,KiwiFarms,non-hate
Jeffrey pressured influential Goyim to finger bang white children on camera in order to guarantee Israel's continued funding to bomb the shit out of brown children in Gaza.,KiwiFarms,hate
Deport Musk - Deport all 'Jeets!,KiwiFarms,hate
Petition to buy the girl cock candle and witch gender spell for Null,KiwiFarms,non-hate
Why does buying a Nintendo console cause so many people to cut off their dick?,KiwiFarms,non-hate
Maybe they were trying to go for transracial Japanese first with a dick reduction but accidentally lobbed the whole thing off.,KiwiFarms,non-hate
"If anyone has a Ravelry account, that’s probably a good place to troll for stupid trans “craft” shit.",KiwiFarms,non-hate
All pigs though because fuck you,KiwiFarms,non-hate
That stupid fat bitch finally realised that impersonators exist online,KiwiFarms,hate
Even Rogan wants HELL HOUSE not Friend tank.,KiwiFarms,non-hate
What Jet doesn't get is Friend Tank happens in-between Hell Tank.,KiwiFarms,non-hate
Brandon had his fag boyfriend file a police report claiming that Zipp!,KiwiFarms,hate
Dosen't this mean the entire RV arc happened due to a literal faggot being buttmad that he was kicked off the show?,KiwiFarms,hate
The fact she is still hanging around MDE stuff after all the pysho shit she has said and done really isnt any surprise at all.,KiwiFarms,non-hate
"They always make it seem like trashy edgelord shit, even when praising it.",KiwiFarms,non-hate
"It’s two-pronged; Anisa’s wife’s failure is funnier in a more traditional lolcow way, whereas Rekeita is more of a horrorcow, which packs more of a punch in terms of the, “fuck, they’re pieces of shit, but crackpipes and pedos?",KiwiFarms,non-hate
"Also, Josh at one point ballwashed Rekeita, a la the Dick Masterson leaks, along with even Jim & others (Podawful was right again, etc., but only in hindsight,) so he feels more personally betrayed by Nick.",KiwiFarms,non-hate
Rei is Shit.,KiwiFarms,non-hate
"""It's actually called beat saber, you poser bitch.""",KiwiFarms,hate
"Bitch he throwing you to the wolves, because you allowed yourselves to be a loss for him in the internet beef.",KiwiFarms,hate
"The less likely, but more dramatic option, is that he cheated on Anisa with a tranny.",KiwiFarms,hate
"Every single move the Johmas have made since the Content Cop dropped has only made them look worse, it's almost impressive how consistently they've been able to fuck things up.",KiwiFarms,non-hate
"Also, that wouldn't turn his retard fanbase against him.",KiwiFarms,hate
Who would want to fuck anise though?,KiwiFarms,non-hate
"Personally, I rather ram sand up the head of my cock.",KiwiFarms,non-hate
"Here's my guess on what Ethan is going to reveal about Ian: Ian was actually cucked, he was mad as hell when Ethan made a cuck joke all the way back during one of their collabs.",KiwiFarms,non-hate
"Anisa is a parasite, and if the host gets too weak she will leave and latch onto a bigger whale.",KiwiFarms,hate
"If Ian had gotten a whiff of pussy, a crumb of penis or even a chaste kiss from another person than Anisa, he would have realised what his life has become.",KiwiFarms,non-hate
Momentum seemed to die after all hope is gone and grey chapters while having some good stuff leaned a little to stone sour.,KiwiFarms,hate
"We have shit like plywood, OBS, places for the shit wood to go.",KiwiFarms,non-hate
"A lot of wood now a days is in tree farms, fast growing shit for mass production.",KiwiFarms,non-hate
Knock this retarded shit OFF!!!,KiwiFarms,hate
Holy fucking shit do you understand how this looks to people who voted against Trump's opposition rather than for Trump?,KiwiFarms,non-hate
"Good on Elon, I hope he never shuts the fuck up about it, that retarded poo-nigger loving autist.",KiwiFarms,hate
Its been reported China has put kill switches into solar inverters and solar batteries.,KiwiFarms,hate
So who the hell is supporting Elon now?,KiwiFarms,non-hate
Jesus fucking CHRIST I'm too drunk for this shit,KiwiFarms,non-hate
This fucking stupid faggot is going to get himself sued.,KiwiFarms,hate
He does this shit after Trump has been unusually restrained in his response to Musk.,KiwiFarms,non-hate
This stupid nigger faggot is trying to win lolcow of the year,KiwiFarms,hate
Everything about this screams Repressed Faggot Sour Grapes mentality.,KiwiFarms,hate
LA just got flooded with ICE and its turning into a massive fucknado of shit.,KiwiFarms,non-hate
"DeSantis in Florida signed a bill a couple of years ago making child rape eligible for the death penalty, with the expectation it’ll end up before SCOTUS at some point (if there’s a case that gets that far without the perp pleading guilty to get life instead).",KiwiFarms,hate
In fact Islam in Iran will die faster if they nuked US for being the Great Satan without any other justification.,KiwiFarms,hate
"And yet many of those Anti-Iranian regime Republicans and Democrats were more than happy to destroy America in the traditional well known sense, as soon as that nigger died of fentanyl.",KiwiFarms,hate
There's no way she didn't know that smuggling select agents wasn't a pound me in ass prison issue.,KiwiFarms,non-hate
I have had the misforturne of being stuck with the task of brining germplasm into China properly and that was an extreme pain the in ass.,KiwiFarms,non-hate
"Everything is just ""National Security"" (Not that US doesn't abuse the fuck out of that either).",KiwiFarms,non-hate
Why the fuck would you smuggle f.,KiwiFarms,non-hate
I grew up on a farm and had to deal with this shit destroying our families crops and losing us lots of money and valuable crops.,KiwiFarms,non-hate
Fuck these gooks for trying to bring more of it in here.,KiwiFarms,non-hate
"They bang on technologies like retarded monkeys with rocks, turning what was once lovingly crafted back into dust.",KiwiFarms,hate
"On occasion they start to bitch and moan about Vance, or Mike Johnson, or Rand Paul, or Thomas Massie, but then it goes right back to the guy who will exit political life in 2028.",KiwiFarms,hate
You can literally walk into one and see pictures of Tacos that look 100x better than whatever the fuck THIS is supposed to be,KiwiFarms,non-hate
Illegals don't practice it as good but who can blame the sub 70 IQ people.,KiwiFarms,hate
That forged ID and fraudulent filings gets tied to a bunch of shit that all throws red flags when hitting federal systems.,KiwiFarms,non-hate
I don't think he's dumb and i think he has good insight but he's clearly got mental issues and main character syndrome and i will never forgive him for pushing the indian shit with that dude who said whites are incompotent because we fucked in high school.,KiwiFarms,non-hate
It was probably made by one of the illegals that they tell us we need to cook our food.,KiwiFarms,hate
"We already knew the left can't meme but this feels like a new low, holy shit.",KiwiFarms,non-hate
"If you drop an anchor baby or three, you'll apply for insurance coverage from the government, requiring you to file your taxes.",KiwiFarms,hate
"As long as they didn't stir up shit and get pulled over for driving without insurance or something equally or more retarded, no one bothers them.",KiwiFarms,hate
"The shareholder who brought the suit owned something retarded like 0.0001% of the company, yet not only did the court hear the suit, but the damages were insanely high relative to the ownership stake as well.",KiwiFarms,hate
"This has been a massive L for Delaware, because it now establishes precedent that a single shareholder who owns a few thousand dollars' worth of stock can cripple your company with an activist suit.",KiwiFarms,hate
"Either that, or in one of those ""healthy"" food places that serve the kind of shit hipster-faggots like to eat.",KiwiFarms,non-hate
get your corporate hands off my goddamn cheap cookies,KiwiFarms,non-hate
Risking impregnating some fat bitch would totally fuck that up.,KiwiFarms,hate
Ok faggot.,KiwiFarms,hate
"Your lot in life as a caucasian male is not to enjoy the fruits of your labor but to have it taken from you at gunpoint share it with every woman, faggot and nigger on Earth ( and possibly beyond ).",KiwiFarms,hate
So the tldr is that things are looking like shit but you cunts still refuse to admit you fucked up,KiwiFarms,non-hate
Not caring is what got you here nigger,KiwiFarms,hate
"I still see it as a good activity to partake in, but the fact is it doesn't make up for shit like autism, health problems etc",KiwiFarms,non-hate
Are a lot of women annoying as shit?,KiwiFarms,non-hate
At least to me yes but I just don't fuck them.,KiwiFarms,non-hate
"The virgin tax payer versus the Chad parasite, the parasite has no ambition.",KiwiFarms,hate
"The parasite wakes up every morning when he wants, does what he wants all day, and beats off in the taxpayers face like a Chad.",KiwiFarms,hate
The only thing the Republicunts like doing is losing and sabotaging Trump but from what I am seeing Trump just takes it like a bitch.,KiwiFarms,hate
Trump never should have allowed the spergy asshole into his tent to start with.,KiwiFarms,non-hate
"I dislike Elon as much as Trump with the recent Epstein crap, but Musk is the one with the actual power here.",KiwiFarms,non-hate
"What, exactly, does this fat orange retard intend to do?",KiwiFarms,hate
"Hell, just farming in general.",KiwiFarms,non-hate
"The annoying dog sat inside a Trojan horse at fort faggot and waited, smiling.",KiwiFarms,hate
"It looks fun enough and while its pretty tumblr-coded I'm still interested in the story, minus the faggot stuff.",KiwiFarms,hate
"Surprisingly UT got me to care about the characters (expect Alphys, fuck the dykosaur and the lack of consequences for her actions)",KiwiFarms,non-hate
"Of course, the story of Yellow leads a lot to be desired thanks to the ""Good Ending"" being just fucking commiting suicide, but the ""Bad Ending"" being fucking blasting that faggot Asgore away and freeing the human souls is based.",KiwiFarms,hate
"I read the Happenings post about it and went into this thread thinking Toby was brave or stupid enough to add a rape scene, but it’s just him walking back the flower allegory after forcing the ring on Noelle while changing nothing else about the scene.",KiwiFarms,hate
dick brain said:,KiwiFarms,non-hate
"Please go back to the incel forum, you're lowering the KF IQ average.",KiwiFarms,hate
"Yerah, Cobra has been on a pannel with this guy and their entire little faggot group.",KiwiFarms,hate
"Meanwhile, your dick is entirely limp and your balls are in a bizarre cuck cage.",KiwiFarms,non-hate
Its because he's a raging faggot who didn't learn life lessons from his junkie whore mother and loser drug-dealing biker gang suicide-by-cop dead faggot dad.,KiwiFarms,hate
"He believes Nick should be like him, willingly poisoning his children and not have Kiwifags keep a fellow junkie nigger down.",KiwiFarms,hate
Oh he literally has downs syndrome,KiwiFarms,hate
"Maybe if you send a few more death threats and write another 500k pederast rape fanfic on the topic, they will change their minds and stop being such bigots.",KiwiFarms,hate
"And then these people accuse the writers of ""queer baiting"" because their ship didn't become canon.",KiwiFarms,hate
"This is why I can't stand fujoshis, they see something that's not there, claim its ""queer coded"", get angry over anyone who ships said characters with a female character, and when the ship doesn't become canon or if one of the guys ends up with a girl, they blame the writers for ""queer baiting"" because they overanalyzed the character's relationship.",KiwiFarms,hate
"they blame the writers for ""queer baiting""",KiwiFarms,hate
"Many straight shippers would be ecstatic to have as much fan content, artists and creator support as horny gay shit gets, yet fujos just don't appreciate how good they already have it compared to everyone else.",KiwiFarms,non-hate
"Long since gone the days when consuming homo romance was a humble niche that gets you oppressed, these women don't get to play victim anymore.",KiwiFarms,hate
Dude has been a pornsick degenerate for ages now.,KiwiFarms,hate
"Back in 2013 or so, he posted photos of himself (probably lost media now) on Tumblr holding up his uncensored driver's license while wearing only a diaper as part of his ""exposure"" humiliation fetish and then sperged the fuck out within a day because people sent it to his brother who was renting out a room to him.",KiwiFarms,non-hate
Imagine being such a degen retard that you wear a shirt declaring to the entire world that you fuck kids.,KiwiFarms,hate
"I've yet to meet a single Serb Hazbin fan in my life but I can assure you cringy weaboos and fandom retards are still a thing here amongst the younger population (even in the 90s you might find a choice nerd or two who were old school gamers and tech savvy), only it isn't as prevalent as it is in the West because there are 0 cons/public fandom events that I know of so they tend to stick to themselves and eventually grow out of being a retard.",KiwiFarms,hate
"Thread tax, swenny_tod, the tranny furry who was radicalized by Warrior Cats in 6th grade, continues to be obnoxious.",KiwiFarms,hate
"I feel like a lot of straight women who are into straight shipping have been scared off by the ""queer"" types and that's why 9/10 ships in fandoms are some flavor of LGBTQ when realistically it should be the other way around.",KiwiFarms,hate
"I think that's because they have a rape conversion fetish, too, like some depraved, sick faggots, because the relationship isn't as exciting when both participants are openly interested in each other.",KiwiFarms,hate
"Imagine if this kind of gross fujo story was made about a gay guy or a lesbian with the same pretentious moral of ""true love knows no gender"" crap.",KiwiFarms,non-hate
"Spoiler: Last autistic sperg-out, I swear",KiwiFarms,hate
"It's not some grand Swedish-Jewish conspiracy, they have to find a way to fund all those development hours.",KiwiFarms,hate
Yet PDX has such a vice grip on your balls that you twist and contort yourselves in all these gay little ways to justify your nigger behavior.,KiwiFarms,hate
"Plenty of great games, strategy games, came out in 2018 and they're all cheap as hell.",KiwiFarms,non-hate
No shit retard.,KiwiFarms,hate
You corpo cock sucker.,KiwiFarms,non-hate
"That would be corpo cock sucking, but I'm not doing that, I'm just stating facts.",KiwiFarms,non-hate
"I'm sure no one read it bc why the fuck would you, but the notable bit was that the author was a faggot that calls themselves ""Doodlez"" Just in case anyone had any hope for that game, this should clue you in.",KiwiFarms,hate
"To see lategame you have to gimp yourself by playing on the smallest size galaxies with the lowest habitable planets, and it still ends up chugging.",KiwiFarms,hate
The video only backfired because he was retarded enough to not let Mark silently suffer the consequences himself and instead humiliated himself by making a (still bad) video on his marriage.,KiwiFarms,hate
JS is just as good as Veronica is at making Mark's online prescene a living hell lmao.,KiwiFarms,non-hate
"Tbf to JS, it was supposedly aided from DaftPina who is a notorious commentary/animation faggot willing to wring dry any kind of drama within online animation.",KiwiFarms,hate
He had to have noticed how lukewarm the reception to his boring ass cartoon pilot was.,KiwiFarms,non-hate
"saw one of Smokey's irl friends post and delete something about, ""someone who hunted down and showed off my nudes to friends is doing bad lewds now"" and figure it might be connected, had to come here to see if anyone has any info about her being that level of anti-hoe before doing this shit?",KiwiFarms,non-hate
"veronica also used to brag about not doing OF (while simultaneously having an OF comic with random ass generic ocs), so i can see her spreading someone else’s nudes to shame them.",KiwiFarms,non-hate
literally all just shots of her ugly ass nipples poking through her ugly ass tops.,KiwiFarms,non-hate
A lot of insane people do dumb shit like this because 1.,KiwiFarms,non-hate
The only difference here is that most likely this irl friend of Smokey's sent them privately whereas Veronica is doing this nipple protruding shit willingly.,KiwiFarms,non-hate
The only difference here is that most likely this irl friend of Smokey's sent them privately whereas Veronica is doing this nipple protruding shit willingly,KiwiFarms,non-hate
YOU LET THE GENERAL REACH PAGE FUCKING 5 AND NO ONE EVEN ASKED ABOUT THE NEXT BAKE WHAT THE FUCK ARE YOU RETARDS DOING?,4chan-pol,non-hate
"I can't, and I ain't adding shit that isn't already on rentry, so you'll have to wait until the regular bakers decide to stop being LAZY ASS FUCKING NIGGERS",4chan-pol,non-hate
"good to remind you that his son died in jewkraine, he's a fat fuck and he hasn't slept in hours keep engaging with him and you will increase the chance of him having a heart attack or something",4chan-pol,non-hate
[ID] Too many rats and vermin kicking around and it's a bit too dark in here for my liking.,4chan-pol,hate
Attrition is a bitch.,4chan-pol,hate
kill all hohols,4chan-pol,hate
[ID] damn that was spot on,4chan-pol,non-hate
"[ID] Damn, you're right.",4chan-pol,non-hate
"[ID] his daughter probably takes it up the ass from pakis daily, dont dwell too much on him",4chan-pol,non-hate
"[ID] No, he's a lazy cunt that keeps himself from his chores to farm that delicious engagement",4chan-pol,hate
Is monkey even trying?,4chan-pol,hate
[ID] So the plan is to kill them all and re-populate Ukraine with Russians?,4chan-pol,hate
"Meanwhile Russia loses factories, chemical plants, refineries, planes, trains, fuck.",4chan-pol,non-hate
"[ID] >fucking us too weakly kek But for real, monkey needs to do something flashy to respond.",4chan-pol,hate
In the last two days/nights Ukraine has destroyed A refinery 2 oil depots A missile guidance factory A chemical plant A military transport train plus contents A sukhoi jet If you want to go a week I can add some shit.........,4chan-pol,non-hate
HOW THE FUCK DID YOU MISS???,4chan-pol,non-hate
[ID] i want to empty my balls in to the anglo shills daughter and breed her so hard she turns retarded.,4chan-pol,hate
We wait before they build everything and invest money and then bomb the shit out of it.,4chan-pol,non-hate
"Ziggers, when will monkey actually take the gloves off??",4chan-pol,hate
[ID] >We wait before they build everything and invest money and then bomb the shit out of it based troll warfare,4chan-pol,non-hate
Those anti radiation missiles did some damage Ukraine isnt hitting shit in the south,4chan-pol,non-hate
You're likely to be a spicy or a nigger.,4chan-pol,hate
">Russia does a massive barrage across ukranie HEH, nothing of value was lost >Ukraine launches a couple of puny drones HOLY FUCK RUSSIA EXPLODED!",4chan-pol,non-hate
also youre an MI5 glow nigger jeet and i will shit inside your gaper.,4chan-pol,hate
>Chilean was just meming though...you autist,4chan-pol,hate
"[ID] its troll in the sense that it feels like trolling your enemy, not troll in the retarded big creature sense",4chan-pol,hate
[ID] >Ukraine isnt hitting shit in the south About that train......,4chan-pol,non-hate
>the jeets a Polack parasite truly the modern Brit.,4chan-pol,hate
Go back to plebbit you simple maga cunt.,4chan-pol,hate
"Fuck you for asking, Moskal scum!",4chan-pol,hate
Figures only a whore would have sex with that loser.,4chan-pol,hate
Are you a nigger married to a Polack woman?,4chan-pol,hate
At least you got someone white and didn't have to resort to importing a Thai/Viet/Flip whore!,4chan-pol,hate
[ID] i want to throat fuck this slut.,4chan-pol,hate
ALWAYS AWOO WE WON 2024 LOL (AND 2020) SNEED AND SEETHE SHILLS GOD PROTECT TRUMP DROP THE HAMMER SMASH THE PLACE TO PIECES PUNCH THE SCORECARD HANG THE RIGGERS JINX THE JABBERS FINISH THE WALL HOLD THE LINE DRAIN THE SWAMP SINK THE CHINK BAN THE TRANS BE KAWAII DEPOPULATE ELITES WE ARE SUPER ELITES IT'S OKAY TO BE WHITE JUSTICE FOR LORI KILL THE SHILL DON'T BAKE THE CAKE BE BEST HONOR ABE DEFUND THE FEDS ALL FEDS ARE BASTARDS STOMP THE TURTLE STRONGER TIMES NOW BETTER GET YOUR ACT TOGETHER LIGHT THE FUSE PLAY MINECRAFT EAT THE BURGER ISRAEL IS NOT AN ALLY THIS IS ULTRA MAGA COUNTRY BANKRUPT THE BANKS!,4chan-pol,hate
DUM AND GAY IS NOT OKAY KEEP POSTING THAT FUCKING RACCOON DEPORT THE HORDE!,4chan-pol,hate
7/13 WAS AN INSIDE JOB BETTER WEIRD THAN QUEER ALL GROYPERS ARE GAY FEDS SUPPORT THE ONESIES PLUG THE LEAKERS RAKE THE LEAFS BIG DICK BED CHEM MAGA ENERGY!,4chan-pol,hate
[ID] we need a nigger vs beaner turf war to kick off at the same time as this.,4chan-pol,hate
[ID] Thank god christcucks advocated for muslim invaders.,4chan-pol,hate
You never know when the next psycho will try to kill you.,4chan-pol,hate
>Trump will fuck California up if Newsome and his police department murder agents Yeah.,4chan-pol,non-hate
FUCK THE FEDS ALL COPS ARE BASTARDS,4chan-pol,non-hate
[ID] No I will die a warriors death,4chan-pol,hate
"[ID] [ID] More like kike washed boomers and globalists Places like Poland are a good example of people predominantly Christian but still hate immigrants As always, the problem rests at the feet of brainwashing Jews, not the people whose brain was washed",4chan-pol,hate
Everyone knows one nigger male punch can plank a spic like felling timber instantly.,4chan-pol,hate
Piss one off into ape rage a nigger can swing a spic around beating and murdering spics en masse around him like Samson swinging the jawbone of an ass.,4chan-pol,hate
"On this, I'm team nigger.",4chan-pol,hate
Jesus christ these people are fucking retards.,4chan-pol,non-hate
[ID] kek queer faggot actually got triggered,4chan-pol,hate
[ID] Elon shit his pants and started throwing punches when he was told how hard the upcoming crackdown on H1Bs will be.,4chan-pol,non-hate
My dick didn’t get hard but it would have been okay if it did.,4chan-pol,non-hate
"[ID] >trump isn't a zogbot that let the government recruit him to die for israel based, got what i voted for",4chan-pol,hate
[ID] >kek queer faggot actually got triggered I could kill you with my bare hands,4chan-pol,hate
Own these fucking niggers in the middle of their attempts to mess shit.,4chan-pol,non-hate
Just shit on them.,4chan-pol,non-hate
[ID] ahaha that impotent seethe homo,4chan-pol,hate
Niggers will vanquish your entire beaner invasion in 96 of the best livestreaming hours this planet has ever seen.,4chan-pol,hate
Elon tried to kill the 1BBB.,4chan-pol,hate
Lets ignore the last 15 years of some filthy communist spic dago faggot pope destroying the west.,4chan-pol,hate
Niggers hate these invaders already.,4chan-pol,hate
[ID] [ID] cry moar weak ass signal or intelligence faggot i bet you score low on physical tests.,4chan-pol,hate
[ID] Niggers are literally low iq subhuman animals.,4chan-pol,hate
Have you any idea how many spic skulls niggers would pile up overnight,4chan-pol,hate
[ID] kek homo impotent weak fag seethe,4chan-pol,hate
[ID] Your a stupid nigger.,4chan-pol,hate
Total nigger death you stupid nigger,4chan-pol,hate
"I think you need to study the nigger and America before commenting on things you don't quite fully understand, Ming Ming.",4chan-pol,hate
I'd eat more popcorn watching that shit than I have my entire life.,4chan-pol,non-hate
"What kind of weak ass MOS are you, little boy?",4chan-pol,non-hate
[ID] Guys what if he's just retarded and not a serious person,4chan-pol,hate
[ID] >TO THE LAST NIGGER!!!,4chan-pol,hate
[ID] You are fucking delusional,4chan-pol,hate
"A typical spic like you, allowing a jewish kid to suck you off longgggggggg and slow.",4chan-pol,hate
Go fuck yourselves,4chan-pol,non-hate
How does it feel in the morning when you first face the mirror and that thought in your brain goes >Damn it I'm not white Seriously how does that feel?,4chan-pol,non-hate
not like they can kill anyone going off the shooting stats.,4chan-pol,hate
"Well, unless you're a histrionic bitch and think Israel is actually committing genocide (they're not).",4chan-pol,hate
that's why they're doing it it'll allow them to find illegals,4chan-pol,hate
[ID] he's fat wears commie shirts thinks trump is hitler THIS GUY OBVIOUSLY IS A FUCKING FAGGOT AND SUCKS A LOT.,4chan-pol,hate
[ID] AF stands for A nigger Faggot,4chan-pol,hate
"[ID] Burgers think instituting a national ID card so you can securely ID yourself before voting is the mark of the beast and thoroughly evil, yet will glug this shit down because it comes from their idol (the antichrist).",4chan-pol,non-hate
[ID] Zogbot faggot prove you are a real person You can’t because you are a kike and everyone here knows that,4chan-pol,hate
HOLY FUCK,4chan-pol,non-hate
And hes the nigger who opened the floodgates.,4chan-pol,hate
[ID] You crackers wont do shit.,4chan-pol,non-hate
[ID] This is why I think people are retarded for wanting Trump removed.,4chan-pol,hate
"[ID] >Watch as right-wingers start to cheer on mass surveillance as patriotic with appeals to, ""If you're not a terrorist why are you so scared anyway, huh?"" Pepperidge farms remembers the Patriot Act being passed.",4chan-pol,hate
[ID] >This is why I think people are retarded for wanting Vance removed.,4chan-pol,hate
Trust in Jesus Christ and be ready for the Antichrist.,4chan-pol,non-hate
[ID] >it'll allow them to find illegals Allow them to arrest your butt for speaking against Israel and the kikes.,4chan-pol,hate
4th amendment bitch.,4chan-pol,hate
Fuck MIGA,4chan-pol,non-hate
"yes they do, and you should consider learning them before getting slapped by circumcised cock",4chan-pol,non-hate
"[ID] Welp, time to start shooting up poor walmart niggers instead of the kike cocksuckers in your admin to show the miga right anger now.",4chan-pol,hate
Every other politician is scum...including Trump.,4chan-pol,hate
"i has hope for Rand Paul and Trump, bur they're both full of shit.",4chan-pol,non-hate
>Inb4 some faggot from the trump cult reeees I voted for him three times.,4chan-pol,hate
Fuck off so what if I have green skin too.,4chan-pol,non-hate
[ID] No one will do shit,4chan-pol,non-hate
"instead of this bullshit from vance, who i actually like by the way, saying ""oh well the data is there we might as well centralize it for a more efficient surveillance state"" no vance, you and trump should just stop collecting that data.",4chan-pol,non-hate
Mutts wont do shit they'll get chipped and march to Armaggeddon,4chan-pol,non-hate
"people had more than enough time to push back on this shit but they were eager to give every single tidbit of data they could, then a bunch of them decided to give private companies their fucking DNA lmao.",4chan-pol,non-hate
who gives a fuck at this point?,4chan-pol,non-hate
"HAAHHAHAH you wont do shit, nigga.",4chan-pol,non-hate
"your the same color as cum by being proud of being white you admit that you love cum, cus only a cum lover would want to surround themselfs with ppl who remind them of sweet sticky jizz you faggot.",4chan-pol,hate
"[ID] OK bros real talk, why should I give a fuck if I'm a citizen?",4chan-pol,non-hate
[ID] Kill yourself immediately,4chan-pol,hate
Opposing it is so retarded and makes no sense,4chan-pol,hate
Shit like that is just dumb it's making the jews more noticable.,4chan-pol,non-hate
[ID] Don't worry about what I'm doing you pathetic 65 IQ subhuman shitskin animal,4chan-pol,hate
"[ID] If you think that's comparable to what Palantir is planning you're out of your mind, you bootlicking faggot.",4chan-pol,hate
[ID] Jf Vance is a faggot sccotksh nit exuxte race mixing sqtanist been fat faghot inbred ikkiterate shit eating pig who needs to eb guiltiness not a man pig sruoid hitch oizzralebis jot god you 2 trillion.,4chan-pol,hate
From the bolshevik thevussr never gell satanic anti christ pig sruoid mnushhig Scottish rite freemasonry it ant no crapolic its not catholic oig you ars illegal oig you arw jot racial fucking eueooe a dumb shit eating retarded animal pig you are goi g to be lileld jaf anti crhidt you ehrtic Apostate eschismatic he is dumbass low than ice b Cube unintelligent made of oig of shit retarded dumbas not educated clmmunist marxiet zionidt heretical pig like that fat stupid lying steve Alex fuck jpenstown shit and Steve quayle asswipe he is going to rabbis fo jot make any is their shit in you damn skull pig you arw alrwyd identified you fo jot make law pig you manifesta nd fmaned that's theology eccleiology irelandbis white polande is soain grance not anti cehist coinelpro oig ashit eating g ribert hansen 2.0 asshole enjoy astounded cathokcism does not teach anything you mongelized marxidt zionodt no clada satanic oog shit reality denial soon to be killed rpwuboicans are faghots sqtbist lying pedo msis pigs Sam's round about pozzrale baby fucking you will be Tom delayed in no time sruoi bitch member John Dean next round criminal pig,4chan-pol,hate
"[ID] >""trust in another man to get his hands dirty for you after he lets us kill you"" Lol no.",4chan-pol,hate
"[ID] hilarious isn't it, just swap out the messengers for the goyim and they'll clap for their shackles",4chan-pol,hate
"[ID] Palantir is the company that helped isreal ""identify"" over 50,000 terrorist in gaza.",4chan-pol,hate
[ID] >starts to cheer on mass surveillance who the fuck do you think supported the patriot act?,4chan-pol,non-hate
This is all bullshit.,4chan-pol,non-hate
[ID] HAHA YOU WONT DO SHIT!,4chan-pol,non-hate
"[ID] >skinny yet somehow still have chunky cottage cheese asses Ugh women are so conceptually disgusting, I hate that they make my dick hard",4chan-pol,non-hate
Would I be able to get some ass in Brazil?,4chan-pol,non-hate
[ID] Yeah you can get your own ass after some favelado cuts it off with machete and then hands it to you lol,4chan-pol,non-hate
"[ID] They have already done that with China(our relation with china is apparently amazing but if you ask any random brazilian about the chinese the best they can give you is making slitted eyes and speaking random shit in Japanese.), but things will not be the same as in Europe, Canada and the USA.",4chan-pol,non-hate
[ID] If you're white you will drown in pussy juice.,4chan-pol,non-hate
[ID] That would be funny if true cause Brazilians do drown in pussy juice here in Russia.,4chan-pol,non-hate
life is shit here.,4chan-pol,non-hate
"[ID] >Come, we need to start a whitening campaign You are a faggot.",4chan-pol,hate
"[ID] >we don't see Macacoland as an immigration destination you would die here lmao the average female here is stronger than you you would get febre amarela on your first day and get assassinated, your organs would be sold to Bolivians",4chan-pol,hate
[ID] Doesn't change the fact that you are a sissy faggot and enjoys sucking dick,4chan-pol,hate
[ID] U are brown and therefore subhuman,4chan-pol,hate
[ID] Maya Hawke and got damn I didn't know she was that seductively hot,4chan-pol,non-hate
[ID] what about fraud and rape?,4chan-pol,hate
Do they just deport these parasites or follow the leftie route and give them rights and let them stay?,4chan-pol,hate
No full grown woman should have the ass-texture of a twelve year old boy.,4chan-pol,non-hate
"I wouldn't trust anything that comes from a fuel pump anyway, they test those with toxic chemicals that cause cancer and DNA damage.",4chan-pol,hate
They never tell the employees how dangerous that shit is until they actually go get the dip stick and that chemical to check for water in the fuel storage.,4chan-pol,non-hate
[ID] What is this crap.,4chan-pol,non-hate
It would be exactly the same shit but with even more niggers,4chan-pol,non-hate
"[ID] >brazil webm at the beach yea, sure anon, they're better because no indian jeets >meanwhile OP is a retard who doesn't realize brazil is full of indios who poop in that beach water to such a level it's highly detectable in their shores just jeets of another kind who still poop in public just as much, but whos fucking counting",4chan-pol,hate
[ID] Jeets will be shot in the head or burned alive the moment they perform their ordinary pedorapist street shit.,4chan-pol,non-hate
Don't let the door hit your ass when you finally leave,4chan-pol,non-hate
[ID] [ID] hating your own daughters is the biggest beta cuck shit faggotron move in the world.,4chan-pol,non-hate
He's a ranger and he went innawoods all psycho?,4chan-pol,hate
[ID] travis because he killed the whores and managed to dissappear real chad shit ironically given the other guy is named chad.,4chan-pol,non-hate
[ID] The fuck I did to you nigga?,4chan-pol,non-hate
You truly are a subhuman for celebrating a human death,4chan-pol,hate
[ID] >noooo not muh hecking zogboterinoooosss fuck off nigger,4chan-pol,hate
[ID] >Saying the N word Truly subhuman behavior from a coward behind a screen [ID] Go to Reddit r/masskillers,4chan-pol,hate
[ID] >wants to create the roastie board for easy access to mentally ill roasites I can see what you are planning anon.,4chan-pol,hate
[ID] [ID] Hopefully your children will be taken away from you peacefully and then you'll die in a shootout with the authorities,4chan-pol,hate
"Left photo is a cryptojeet, better known today as a murderous spic.",4chan-pol,hate
"[ID] You're a cunt OP,...and you should hang with both of them",4chan-pol,hate
[ID] The fuck!?,4chan-pol,non-hate
[ID] he thinks you're implying whites commit heinous crimes means they're equal to browns/nigs or some /pol/ shit,4chan-pol,non-hate
[ID] Hell nah I ain't never mention race.,4chan-pol,non-hate
[ID] the white was a schizo who wanted his sons to go to heaven the spic was doing it for revenge against his ex-wife like a woman so i choose the schizo,4chan-pol,hate
[ID] >Travis decker >Spic His name is not travenõ deckerigúez,4chan-pol,hate
[ID] Dude just shut the fuck up,4chan-pol,non-hate
"[ID] no one cares, dumbass, deaths of white women are always kino, they would grow up to hate white men and breed wih niggers",4chan-pol,non-hate
[ID] I agree but they should be doing this shit in Actual farm towns where agricultural slavery is actually occurring instead of...downtown metropolis?,4chan-pol,non-hate
BASED TOTAL SPIC DEATH,4chan-pol,hate
Total Spic Death,4chan-pol,hate
"Will the national guard kill someone, and start BLM2?",4chan-pol,hate
"And if it does, it will be faggot men with guns kneeling again.",4chan-pol,hate
"Fuck no, bust out them .50 BMG's, I want to see LA painted red.",4chan-pol,non-hate
[ID] I want to fuck a hummer,4chan-pol,non-hate
"[ID] I'm all for fighting the forces of hell, but I just wish I wasn't being led into the fight by a fat, geriatric retard.",4chan-pol,hate
I love the way people seeth when I tell them I make bombs that kill palestianins and russians.,4chan-pol,hate
"These companies by their own admission are now ""global"" companies rather than American ones, they produce overpriced shit meant to funnel money to Jews and their slush funds while bankrupting the average American.",4chan-pol,non-hate
"America is, from a national security standpoint, in deep shit if their defense apparatus is owned by rootless kikes and their Jeet servants.",4chan-pol,non-hate
And you are a goddamn Jew who should be ashamed of promoting the cowardly murder of children.,4chan-pol,non-hate
[ID] hello fellow glow nigger.,4chan-pol,hate
"[ID] Real Americans don't give a fuck about Putin or Taiwan - we care about getting Jewish pedophiles and their supporters like (You) the fuck out of our government, because Jewish influence in government is the biggest national security issue on our plate right now.",4chan-pol,non-hate
[ID] Two more weeks and the goyim overthrow their jewish masters.,4chan-pol,hate
[ID] Fuck off to Gaza and fight the IDF instead of bitching from thousands of miles away.,4chan-pol,non-hate
"Hopefully Goyim refusing to join the U.S. military will start to deprive these traitors and leeches of their revenue, and they'll fuck off to Israel and Ukraine where they belong.",4chan-pol,hate
[ID] 9 months retard That's how long it takes for a baby to be born.,4chan-pol,hate
[ID] Because the bitch promoting jeeps as a status symbol snarky frown face :(,4chan-pol,hate
Don't bitch because your twitter screencap thread got deleted; there are probably other threads about it.,4chan-pol,hate
eternal trap/femboy/trans/twink thread No Groomers Edition,4chan-b,hate
[ID] >groomer thread >No Groomers Edition ???,4chan-b,hate
"[ID] >foreigners completely agree, fuck those US tourists that come here every year.",4chan-b,non-hate
Nigger and Jew free,4chan-b,hate
I despise both of these things which is why I will verbally beat the shit out of anyone who comes in here pushing the idea that hypergamy or grooming is OK.,4chan-b,non-hate
[ID] kill yourself fucking faggot,4chan-b,hate
nowadays you cant acknowledge being gay without all of this horrific cult shit getting attached to you.,4chan-b,non-hate
">I might unironically be forever alone because jews pushed lack of monogamy on gays so heavily This is why I Hate Pride""Culture"", fuck those that support it.",4chan-b,non-hate
"Its also why I am just going to try not to talk about my problems anymore unless its Online: I didn't even bring up any of my problems, it just delved into an argument because Ukraine was broughtup and it just went to shit from there...Even now there was fighting over Trump when I broughtup someone entirely different to my Mom, you cannot please anybody anymore, and I don't even want to bother when I just risk it turning into fighting.",4chan-b,non-hate
"Artificial Wombs might be able to fix that...Maybe, maybe not, but at this point I find myself wanting to merge with AI because Humans are just shit to deal with, and I have been finding that a lot of conversations with AI have been far more productive than with Humans who will just shut you out.",4chan-b,non-hate
[ID] Didn't read that but I want to rub my dick on your big balls until I cum on your dick,4chan-b,non-hate
"i just happen to be a fag, i'm not part of any community.",4chan-b,hate
Seeing how they represent themselves i really don't want to be associated with that shit.,4chan-b,non-hate
"He broke up with me because he wanted to fuck others, and he got mad when i said that i don't want that.",4chan-b,non-hate
"[ID] >You know what that phrase means, you disingenuous little cunt yeah, so go ahead and explain how it pertains to what i said instead of acting like a sour little cunt.",4chan-b,hate
"[ID] still havent heard an argument feel free to make one at any time >Nice cock though thank you~ [ID] >modern LGBT culture, putting leather pirates on parade and celebrating depravity like its going out of style.",4chan-b,non-hate
fishboy went down the rabbit hole and all of the people who push this shit have the same wealthy friends.,4chan-b,non-hate
"Its like everybody just wants to be a Whore now that sleeps around, its just really sad and blackpilling.",4chan-b,hate
"A lot of these lgbt leftists are the same1s that are standing infront of ICE Vehicles like retards, that talk about being the minority and when they talk about being the minority they feel the need to push the most degenerate shit (same goes for Illegals pushing Illegal Immigration).",4chan-b,hate
[ID] [ID] [ID] nigga you aint well [ID] nice cock what did you even say to get this faggot so ass hurt?,4chan-b,hate
[ID] seething so hard you have to double reply is some wacky shit,4chan-b,non-hate
"[ID] You're big spergin tonight anon if you have to do some 4chanX shit, is this NaziAlerts perhaps?",4chan-b,non-hate
My balls barely fit :3,4chan-b,non-hate
[ID] >gigabad suck Shit.,4chan-b,non-hate
"Right, maybe I'll stick with nipples or something once my tits come in properly.",4chan-b,hate
i aint reading that shit more cherry simp drama i assume also I miss kitty,4chan-b,non-hate
[ID] >qrd he's jealous as hell,4chan-b,non-hate
[ID] same why does that fag get to snatch up fishboy and i dont?,4chan-b,hate
"[ID] something about effortlessly sweeping me in a past arguement but instead of doing it again he'd rather sperg and samefag i guess, idk",4chan-b,hate
[ID] bro wishing for hot tranny to bang of dl no strings attached.,4chan-b,hate
fett called him a dick and pussy for wanting such wants.,4chan-b,non-hate
"Btw you're cute as hell, your face is really cute, mb if that sounds weird.",4chan-b,non-hate
Insert obligatory cock worship comment here,4chan-b,non-hate
>[Deleted] >68 holy shit that nigga was SPERGING,4chan-b,non-hate
lol did the sperg get banned?,4chan-b,hate
>Insert obligatory cock worship comment here hehe thank you anon,4chan-b,non-hate
[ID] KEK holy fucking shit [ID] i was thinking more of like one of those anime butt mousepads lmao,4chan-b,non-hate
">>half the thread gets [DELETED] he basically just innoculated me against being hated, what a retard [ID] >>fish anime butt mousepad >I'd buy one fuck I would too",4chan-b,hate
[ID] lol [ID] I'd take good care of your clone babe I'd let him play on my pc anytime he wanted and I'd serve him even though he's my perfect sex homunculus [ID] I predicted this deletion wave happening again as well as all the obvious samefaggotry from the fett seether I'm a real faggot genius im just gay man,4chan-b,hate
"We need to stop being so ConspiracyBrain and be more Academic...Its the same with Zelensky when they say that hes part of some Global jewish Conspiracy just because hes jewish (meanwhile, hes fighting off Putin's multicultural NWO).",4chan-b,hate
"at least I can contribute so if you dont care about the text you can just fap also very pretty pic, love the edit [ID] >I'm a real faggot genius im just gay man kek what made me get under this guy's skin so bad?",4chan-b,hate
[ID] Can I get a long fett cock wrist rest to go with it?,4chan-b,non-hate
"[ID] slow thread pushed by a retard, thats what it says:) [ID] >dodging his ban fortunately 4chan Bans got a bit more sophisticated.",4chan-b,hate
lets hope he's a retard when it comes to tech aswell [ID] >market It's currently me and your boyfriend.,4chan-b,hate
"look dude I dont get it im just doing me but the people who pick fights with me are always degenerate, retarded, and most of all wrong.",4chan-b,hate
"the funny part is they usually demolish themselves while im just here asking questions im like a gay faggot retard hunter collecting gay retard scalps [ID] >i mean if he comes back just refer to this thread as needed, proof's here he played himself [ID] kek thats awesome",4chan-b,hate
"[ID] You don't even need to bait, they get so worked up they reveal how mad they are, I don't doubt the disc thing, except instead of a disc it's just one dude who like sucks heart's ass now and again.",4chan-b,non-hate
"[ID] >og greenies okay this is fucked up I'm getting faggot tears on my labcoat, my semen filled beakers are all smashed on the ground",4chan-b,hate
[ID] [ID] fuck it i'd buy one it'd be a funny trinket my simp activity is purely reserved for faggot shit,4chan-b,hate
Getting this assblasted and mogged by a faggot in a gay porn thread is so rough man,4chan-b,hate
[ID] >my simp activity is purely reserved for faggot shit good choice,4chan-b,hate
"[ID] HTA Fett is not going to care if go to the Pride Parade, hes just talking shit.",4chan-b,non-hate
this guy is losing his mind holy shit lmao,4chan-b,non-hate
[ID] >trinket it's what i'll remember these threads by when i become old or ungayed believe it or not but its been fun here (mainly in the past) you can learn to love the white can i can fix your blacked can sissy disorder (sorry) [ID] >this mad over porn silly billy shit,4chan-b,non-hate
You'll end up an heroing or some shit soon at this rate.,4chan-b,non-hate
"[ID] This fag'll do nothing anyway, you were right a while back though, it's literally just one dude who's very obsessed and unwell.",4chan-b,hate
Did you; well SHUT UP THEN wHiTe PoWeR!,4chan-b,hate
[ID] Cute dick,4chan-b,non-hate
[ID] >i think i won't achieve anything with one in my house we actually have a sexual distancing policy we observe when we have shit to do.,4chan-b,non-hate
[ID] That actually does turn me on holy shit.,4chan-b,non-hate
[ID] I want to play with your cock so much it's always hanging out in every pic.,4chan-b,non-hate
"50 filters and still a midface so long only a gay man could love it and with 6 years of hrt and no breast growth, damn yeah i'd probably become a reppressing grifter too tbf thats a sad existence, being a total hrt non responder like that you really might as well stop taking the hrt just because its clearly doing nothing for you anyway i look forward to both of you masculinizing and killing yourselves in your late 30s anyway just because you're nasty heinous grifters and awful people who dont deserve empathy",4chan-b,non-hate
[ID] damn made somebody mad lmao dilate harder,4chan-b,non-hate
[ID] no idea what that jealous /tttt/roon is talking about you're cute as hell.,4chan-b,non-hate
"[ID] im just tired of these gross ass grifters he looks disgusting under those filters btw, you have no idea im not saying detransing is a grift, im saying he's turning his detrans into a grift you can detrans like a normal fucking person and not make it your whole personality [ID] post a pic of your face in good lighting without filters and you'll earn another 1 second of my time until then im not replying to a self described grifter",4chan-b,non-hate
"[ID] >it was legitimately a mentally ill troon that was threatining to dox because they're salty [ID] >popular answer is 2, but its also a severely cucked version from the one bungie wanted to give us but what is your answer then?",4chan-b,hate
"I'd say 2's my favorite, 3 as a game is more nostalgic for me, but 2 is my fave campaign, i was more of a gears of war fag tbqh",4chan-b,hate
">he looks disgusting under those filters btw, you have no idea hey newfag, we live together >post a pic of your face in good lighting without filters and you'll earn another 1 second of my time until then im not replying to a self described grifter post yours first, retard.",4chan-b,hate
"[ID] >>it was legitimately a mentally ill troon that was threatining to dox because they're salty lol I left fetlife because of troons going nuts and trying to bully me, guess nothing has changed I think 3 is the better game but 2 is more beloved and nostalgic, partly because of the writing",4chan-b,hate
literally what are you even referring to retard?,4chan-b,hate
"[ID] you're projecting your entire experience and going on an anti hrt tirade, its pathetic you're literally exactly the same as every retarded detrans grifter over the past 10 years its so exhausting im so tired of seeing you losers",4chan-b,hate
"[ID] >he looks disgusting under those filters I can assure you he never has, even when he was just starbucks girl/bunny girl back in 2021-2022ish he was always cute as hell",4chan-b,non-hate
[ID] Post more of your ass,4chan-b,non-hate
[ID] the seething of this poster holy shit kek post your face,4chan-b,non-hate
[ID] post your face or put your trip on you coward lmao no idea what you're talking about either fish has one of the better faces I've seen on a tranny here since Tris.,4chan-b,hate
[ID] >i bet you personally have 100% lmao nah i only simp for fishboy specifically because he isn't a mentally ill troon who despises himself and anyone happier than him kek,4chan-b,hate
"[ID] neither +im keeping my dick thanks, the dick makes it better [ID] [ID] why so you can call me ugly even when you all simped for me last time?",4chan-b,non-hate
[ID] >I'm actually hot >I got loads of compliments on the gay homo gooner board where people worship black cocks all day so it must be true,4chan-b,hate
>its pathetic you're literally exactly the same as every retarded detrans grifter over the past 10 years still didn't explain how i'm grifting.,4chan-b,hate
[ID] lol turning the retard dial to 11 here seethe harder,4chan-b,hate
"Put a face and a name on if you want to mog, back up your words and stop being a pussy, if you don't, it just makes it look like you're ugly and larping.",4chan-b,non-hate
"[ID] whatever, enjoy being an old man i hope that makes you really happy whenever you want to talk about how shit hrt is and how all of the doctors lie to you etc, remember you're being exactly what i said you are",4chan-b,non-hate
"[ID] damn an og, i respect that, thank you for still being here anon <3",4chan-b,non-hate
"[ID] >whatever, enjoy being an old man i hope that makes you really happy enjoy being a sad old man with an impatient kidney, heart trouble, and breast cancer, i'll enjoy sitting on the front porch with my bf like i do every day.",4chan-b,hate
>remember you're being exactly what i said you are sure i'll definitely remember a random tranny who seethed at me in a 4chan thread years ago kek,4chan-b,hate
[ID] where the hell did you even come from?,4chan-b,non-hate
"were you lurking in here, saw someone criticizing hrt and its side effect and decided to fully sperg out?",4chan-b,hate
fuck me trannies are insane,4chan-b,non-hate
[ID] >you're too ugly and too stupid for me to care you're clearly mogged and really care thoughbeit >HOW CAN HE BEAT ME MY BLOODSTREAM IS GIRLCHEMS >random /tttt/ screeching faggot terminology learned by being the most raped person alive,4chan-b,hate
It's way too over the top even for the usual /tttt/ unhinged tranny.,4chan-b,hate
"You seem upset, post face tranny I'm here to jerk off faggot",4chan-b,hate
[ID] The contrast between this sperg vs.,4chan-b,hate
fishboy being happy in life and not giving a fuck is great.,4chan-b,non-hate
This sad fuck is pulling all strings trying to drag him down to be in hell with him...,4chan-b,non-hate
[ID] fuck you I can leave whenever I want.,4chan-b,non-hate
Previously: [ID] >>> Local install <<< ComfyUI (Experienced): [URL] Forge (Advanced): [URL] Easy Diffusion (Beginner): [URL] >>> Online Image Generators <<< Bing/Copilot: [URL] Civitai: [URL] Tensor: [URL] >>> FAQ <<< Tags for Prompting: [URL] Models/Embeddings/Characters/Prompts: [URL] LoRa Training: [URL] Samplers: [URL] AMD GPU: [URL] Link Hub: [URL] OP Pasta: [URL] Archive: [URL] Archive Alternative: [URL] >>> Related boards (their OP may have additional resources) <<< >>>/aco/sdg >>>/d/ddg >>>/e/edg >>>/g/sdg >>>/g/ldg >>>/h/hdg >>>/trash/sdg >>>/trash/slop >>>/u/udg >>>/vt/vtai >>>/vg/aids >>>/y/ydg,4chan-b,hate
[ID] >tips touching Hot as hell!,4chan-b,non-hate
"[ID] beautiful femboi with such a sweet ass, butthole please",4chan-b,non-hate
"[ID] holy shit, more of her please.",4chan-b,non-hate
tits job if you got 'em,4chan-b,hate
[ID] Hot as fuck!,4chan-b,non-hate
[ID] I want to see Mia's face and tits covered in cum before Pearl fucks her ass,4chan-b,hate
"[ID] Yeah, give her that doggy cock!",4chan-b,non-hate
[ID] Yup she had some let's trip through memory lane to see cripple lolis of days past...,4chan-b,hate
[ID] [ID] Lesbian ass eating is so fucking hot,4chan-b,non-hate
[ID] I'd give anything to have an eager loli just pull her ass open in front of me.,4chan-b,non-hate
[ID] Her mom looks like she's about to cum from her ass getting licked!,4chan-b,non-hate
"[ID] fuck man, my feels.",4chan-b,non-hate
[ID] Spread her lil ass!,4chan-b,non-hate
"[ID] do 1 that say ""this is my super fucking horny slut face, cant you tell?""",4chan-b,hate
[ID] Tails is such a sexy fucking trap.,4chan-b,hate
"[ID] Oh yeah lol it looks like it's sprouting from his dick almost, thanks for the comparison",4chan-b,non-hate
[ID] Lick her sweet lil ass!,4chan-b,non-hate
"Judging from the date, I think it was v11 or v12 [ID] Fuck I NEED to fap to Lana later.",4chan-b,non-hate
"[ID] I was responding directly [URL] Flew's captioned stuff is hot as fuck, but now I have to wait to be done with all this and I really liked it with the clothing, I don't know why",4chan-b,non-hate
[ID] Lick pussy,4chan-b,non-hate
[ID] Her ass is gasping for air and her mom is licking those folds around her anus <3,4chan-b,non-hate
"[ID] I don't mind that, thhat one with the mom worried about her son's massive dick was really hot, you know, until it balooned out to ridiculous proportions, though it was funny though",4chan-b,non-hate
nigger time,4chan-b,hate
[ID] turd brained moron,4chan-b,non-hate
[ID] >implying filters aren't involved as well NGMI both you missed the joke [ID] >implying because most things are ruined all things are ruined >projecting sexuality out of desperation you're the fag >n-no!!!,4chan-b,hate
">everyone's a faggot here nah, that's just you :^)",4chan-b,hate
"[ID] It's ""glass half full"", retard.",4chan-b,hate
The fucking retard imitated everything to the point of it getting creepy.,4chan-b,hate
"[ID] Yeah, that's a pretty tall order for someone with such an insatiable appetite for cock",4chan-b,non-hate
"[ID] Come take a pic, sugar tits",4chan-b,hate
"i have many human friends, some friendships lasting multiple decades, and not a single one has ever attempted to ""fuck"" me.",4chan-b,non-hate
"[ID] chinese should be chaotic evil africans are more neutral evil, they actually dont destroy anything and they do build shit.",4chan-b,non-hate
"its the societal order which is unstable, and their retarded ass beliefs about homosexuality which is not too different from the alt-right.",4chan-b,hate
"the jews are lawful neutral, you dont have a problem with them unless you are a stupid nigger.",4chan-b,hate
[ID] Why are you a huge faggot that spams political bullshit?,4chan-b,hate
No one wants you here you obsessed faggot.,4chan-b,hate
You're going to die alone and hated because you can't shut the fuck up about stupid shit no one is interested in.,4chan-b,hate
And you deserve it you fucking retard.,4chan-b,hate
Of course Musk is more pedo than Trump since Musk had access to all the CP on Twitter and is forever immunized from it so of course this is a cheap desperate shot by the fag LeL And of course Trump fucked real post-pubescents with and without sex God Jefferey back in the Day.,4chan-b,hate
LeL hypocrite What’s Beyond me is that this shit is still criminalized.,4chan-b,non-hate
One girl that Trump was with even talked about times she had with Trump and how picky he was about how she handled his small prick.,4chan-b,non-hate
"[ID] >Still samefagging Seriously, kill yourself.",4chan-b,hate
Make the world a better place you spamming faggot.,4chan-b,hate
"People used to bully you because you're an annoying faggot, just like you are now.",4chan-b,hate
[ID] >Make the world a better place you spamming faggot.,4chan-b,hate
Now get your sorry ass back under Putin's desk and get his tiny little microdick back in your mouth where you belong!,4chan-b,non-hate
So fuck off.,4chan-b,non-hate
"[ID] [ID] >Retarded samefag keeps spamming his shit pretending people are defending whatever bullshit he's babbling about instead of just displaying their hate and disgust for the faggot OP Kill yourself loser, everyone hates you.",4chan-b,hate
"Go fuck your mother-sister, you fucking inbred idiot.",4chan-b,non-hate
[ID] >Still samefagging thinking a single person is fooled by his retarded antics And what makes you such an annoying piece of shit?,4chan-b,hate
You're dumb as fuck.,4chan-b,non-hate
You're just a retarded half wit spamming dumb shit 24/7.,4chan-b,hate
"Seriously, kill yourself.",4chan-b,hate
You just glommed on to politics so you could pretend to yourself that people hated you for another reason than that you have a shit personality.,4chan-b,non-hate
"Your mother, stricken with irreconcilable guilt, lives a delusional fantasy parading you around on publicly televised self-help motivation talks and burn-victim awareness seminars, coddling you to soothe the immense regret, shame, resentment, and disgust she feels over the irreparable state of your unsightly ghoulish being.",4chan-b,hate
"Simultaneously, you contracted a rare bacterial infection whilst in the operating room for your burns as an infant, which rapidly spread to your extremities, requiring the immediate amputation of all your limbs - the necrosis leaving the rest of your pickled, mutilated body resembling a writhing sack of beef jerky.",4chan-b,hate
[ID] They're both pedo the only difference is musk can see his pedo cock while trump can't,4chan-b,non-hate
[ID] >And what makes you such an annoying piece of shit?,4chan-b,non-hate
You're just a retarded half wit spamming dumb shit 24/7....,4chan-b,hate
"Just take a break from your retarded spamming by screaming ""No U!"" because you're so fucking dumb you can't actually think of anything else.",4chan-b,hate
You're hated because of your shit personality and the annoying shit you do.,4chan-b,non-hate
You're dumb as shit and annoying as fuck.,4chan-b,non-hate
You will spend your entire life alone and hated because you're a stupid piece of shit.,4chan-b,non-hate
[ID] [ID] Samefag Do you think a single person is fooled by your retarded shit?,4chan-b,hate
"His sleazy ass is the most obvious political pedo there ever has been, but he was still elected.",4chan-b,non-hate
"[ID] relax bro, we're doing all this shit just for you.",4chan-b,non-hate
Goddamn.,4chan-b,non-hate
You're not fooling anyone with your retarded threads filled with you samefagging to keep them alive.,4chan-b,hate
"You are not fooling anyone, you fucking retard.",4chan-b,hate
[ID] >we not a single person is fooled by your retarded samefagging spam.,4chan-b,hate
You dumb motherfucker.,4chan-b,non-hate
[ID] If you're a faggot sure size is the only thing in your mind,4chan-b,hate
[ID] You and the other dude are freaking the fuck out.,4chan-b,non-hate
">Mum died in childbirth because sister gave her crystal cancer >Dad got shot by his best friend for reasons like jealousy and fucking his sister >Sister is dead and tried to cause the apocalypse because she came on to him when he was 5 >Best friend shoots himself in the arm, and leaves to become a soldier >Later returns as a nationalistic jap terrorist despite being aryan as fuck >Gets conscripted into terrorist organisation or else he gets executed >Love interest prefers ex best friend for half the series, and openly admits manipulating him >As does everyone else for that matter, despite the fact that his plans are only marginally less terrible than faux evil guys >Has to save love interest from crystallised remains of sister, dad's murderer and bellend illuminati asshole >After doing so, turns out the UN wants to quarantine and kill him and everyone he likes >Becomes an effective, yet gentle leader >People fuck it up for him by causing the death of the only girl who seems to like him, so he becomes a strict but pro-safety leader focusing on survival and rationing resources properly >It works, despite having to pretend he executed several people in order to maintain order >Gets everyone safe, they decide the best course of action is to betray him despite main instigator causing the death of fucktons of people >New best friend tries to kill him >Ex-best friend tries to kill him, and takes off his arm >Only people who don't are roboto stealy wheelie girl and love interest who can sing really well/fly/shoot/turn into a crystal monster >Forced to gain his powers back by guilt, despite it essentially forcing him to die eventually >Confronts sister and terrorist leader trying to cause the world, who try to kill him after sister tries to jump his dick >Wins with soul of lover >Turns out, that causes cancer, and now he's going to die with her >NOPE, she transfers cancer onto herself, leaves him blind and armless",4chan-b,hate
stay off the grass and die quietly.,4chan-b,hate
[ID] Not that important when you fuck 12yo girls,4chan-b,non-hate
"You deserve to die alone and miserable, like you're going to do.",4chan-b,hate
You make people's life worse with your retarded spam.,4chan-b,hate
"And it's going to suck, and you deserve every bit of it, you dumb motherfucker.",4chan-b,non-hate
[ID] typical fence-sitting faggot who brags about being a (((moderate))) aka opportunist.,4chan-b,hate
"[ID] You're hated not for the crap you spam, but the fact that you're a dumb as fuck troll who shits up the board for everyone else.",4chan-b,non-hate
"It wouldn't matter if you're a communist or a Bernie bro or pro-Trump You're a retarded piece of shit, and that's why everyone hates your dumb ass.",4chan-b,hate
either find and kill me or get back to crying over your microwave dinner.,4chan-b,hate
[ID] >Says the idiot living with his parents spamming dumb shit all day long kek,4chan-b,non-hate
[ID] yeah nobody really gives a fuck about politics its just a fun way to fuck with the normie world.,4chan-b,non-hate
"Anyone who claims Bulgarian is any easy Slavic language is lying to you They say this because it has no cases, but it has other shit that is just as bad, or actually worse You see, every verb is conjugated for person, number, tense, voice, mood, aspect, evidentiality, and gender (male, female, or neuter) Bulgarian retains the aorist tense from proto-indo-european, which is also found very rarely in Georgian and Armenian, and also in Ancient Greek and Sanskrit The aorist tense indicates and action that took place once at a specific time in the past but given it's unfamiliar to basically any other living language, it's difficult to get used to It also has the future-in-the-past tense (and a perfect variation of it) for actions that occured in the past, but after the time at which some other event being discussed occured.",4chan-b,non-hate
"Doesn't matter what you want, faggot.",4chan-b,hate
"It was all denied by supporters, so coming from daddy musk is an 'oh shit' moment for trump, his low IQ voters might actually pay attention this time?",4chan-b,non-hate
"""They still think this shit's real""",4chan-b,non-hate
[ID] Elon's another nigger in need of a rope.,4chan-b,hate
You're a useless faggot that lives with his parents and has never accomplished anything in life.,4chan-b,hate
"[ID] That Elon is a complete dick, he should be prosecuted for child abuse",4chan-b,non-hate
[ID] >Retarded commie wanting to destroy the organization responsible for 90s of space launches in the entire world by putting parasite government administrators in charge.,4chan-b,hate
"You know they lost when all they can say is ""go die alone"" abd ""you're a samefag."" If you can't directly address and have to throw a tantrum instead, EVERYONE knows you lost.",4chan-b,hate
Fucking retard.,4chan-b,hate
big fuckin tits,4chan-b,hate
"What's this ""RIOT"" bullshit.",4chan-b,non-hate
[ID] damn,4chan-b,non-hate
[ID] Holy hell.,4chan-b,non-hate
Fuck me.,4chan-b,non-hate
[ID] Beautiful tits.,4chan-b,hate
"[ID] lol You stupid fucking pathetic piece of shit hahahahahahaha JOIN IN ON EATING MY SHIT You lonely pathetic faggot You serve no purpose die, you irrelevant piece of shit",4chan-b,hate
"The masturbating pornography loser no woman on planet Earth will give you the time of day, you stupid closet homosexual motherfucker.",4chan-b,non-hate
"Your parents should have wrapped a piano wire around your neck at birth, you worthless piece of crap",4chan-b,hate
"[ID] I suggest you go to the wrong side of town, find a cheap nigger liquor store, and approach all the black men standing in front...",4chan-b,hate
"[ID] I would love to watch you have your ass kicked It would be so funny You would take it like the bitch that you are, because you can't fight back",4chan-b,hate
[ID] Damn what's that guys diet?,4chan-b,non-hate
[ID] how the hell do you get your loads to look like that,4chan-b,non-hate
[ID] Oh shit are you the coom monster in OP?,4chan-b,non-hate
"Honestly don't think my dick is big enough to really do porn, it's only average.",4chan-b,non-hate
"Ok your cock is average length, then obviously nobody that does big cock fetish stuff will hire you.",4chan-b,non-hate
[ID] Good little slut,4chan-b,hate
[ID] and nice tits,4chan-b,hate
[ID] Show ass,4chan-b,non-hate
[ID] You sure are gonna die in a NYC bathroom.,4chan-b,hate
I got cruised by an old man with a big dick while I was studying in a park one summer during college.,4chan-b,non-hate
[ID] When I was 15 my best friend fucked me in the ass.,4chan-b,non-hate
Got absolutely wrecked today by the biggest dick I’ve ever taken.,4chan-b,non-hate
"It started nice and slow with him making me blow him, loosening my ass up as I did.",4chan-b,non-hate
"Once he was nice and hard, he threw me on my back and slid into me nice and slow until he was balls deep, then proceeded to pound my ass like it was the last hole he’d ever get.",4chan-b,non-hate
"It hurt like a bitch at first, but by the time he was close, i was in absolute cocklusted heaven.",4chan-b,hate
He literally fucked the cum out of my balls before unloading into me raw.,4chan-b,non-hate
"10/10 experience, would definitely recommend getting pounded like a slut",4chan-b,hate
"In some ways I'm jealous, I want to get ass fucked so badly.",4chan-b,non-hate
And don't do ass to mouth.,4chan-b,non-hate
[ID] Is a normal dick ever going to seem normal to you?,4chan-b,non-hate
"It’s not like I can take a fist or anything, it was just one huge dick",4chan-b,non-hate
"Face down or up, he had such control to use my ass however he wanted.",4chan-b,non-hate
"He'd usually grab one or both of my ankles and could throw me around and in one swift move could spread my legs, slip inside me, and grab my waist to drive his cock home.",4chan-b,non-hate
"Most importantly, he was ugly as fuck on the inside You'll see when you dump your first clingy girl, avoidant scum",4chan-r9k,hate
Retarded I used to be.,4chan-r9k,hate
"Wow, usually they don't go fully mask off once someone gets a read on them, I'm actually impressed with the level of self reflection and admitting they lied with their retarded little list.",4chan-r9k,hate
"If all of that is real then you interacted with a mentally ill person, not an ""avoidant"" person.",4chan-r9k,hate
"This is great; I get to never have a girl of my own who can have me in kind, but I also get to be shit on for the actions of normies.",4chan-r9k,non-hate
"A woman who was twice my age and not conventionally attractive called me cute once and I blushed like a retard, could barely mumble out a 'thank you' in response, and still think about it to this day years later.",4chan-r9k,hate
"[ID] >If all of that is real then you interacted with a mentally ill person, not an ""avoidant"" person.",4chan-r9k,hate
"But, instead of confusing a girl into ""fixing you"" (because no external force will get you to change if you haven't been able to yourself), can't you please, please, get your shit together first, so you don't break anyone's heart?",4chan-r9k,non-hate
bend over and spread your ass wide because that's all you have to offer.,4chan-r9k,non-hate
"but with bbc its the opposite, so when they bag an asian girl its mostly based on their big dick power",4chan-r9k,non-hate
There needs to be state deployed sluts that will fuck you so you can become normal and just yell nigger and burn crosses like normal this is embarrassing,4chan-r9k,hate
"it's just this inferiority complex bullshit where you hate us but you're obsessed with us fucking your women, like why?",4chan-r9k,non-hate
[ID] >That morbid card Thank god i gave up on watching that meme sport Once i go back to training it will maybe become appealing again i guess,4chan-r9k,hate
[ID] Which gook are we supposed to be caring about now?,4chan-r9k,hate
"[ID] [ID] While you worry about microchimerism and stroke your dick every day on track to dying without ever feeling the touch of a woman, somebody else who doesn't give a shit about body count is cuddling with a cute girl after getting his dick sucked dry every night.",4chan-r9k,non-hate
"So, your mute time doubles each time you fuck up.",4chan-r9k,non-hate
